{
  "accuracy": 0.9,
  "report": {
    "Business": {
      "precision": 1.0,
      "recall": 0.7,
      "f1-score": 0.8235294117647058,
      "support": 10.0
    },
    "Entertainment": {
      "precision": 0.9090909090909091,
      "recall": 1.0,
      "f1-score": 0.9523809523809523,
      "support": 10.0
    },
    "Health": {
      "precision": 0.8333333333333334,
      "recall": 1.0,
      "f1-score": 0.9090909090909091,
      "support": 10.0
    },
    "accuracy": 0.9,
    "macro avg": {
      "precision": 0.9141414141414143,
      "recall": 0.9,
      "f1-score": 0.8950004244121891,
      "support": 30.0
    },
    "weighted avg": {
      "precision": 0.914141414141414,
      "recall": 0.9,
      "f1-score": 0.8950004244121891,
      "support": 30.0
    }
  }
}