{
    "silhouette_score": 0.053737934678792953,
    "davies_bouldin_score": 3.846471401477862,
    "calinski_harabasz_score": 8.045225185486638,
    "inertia": 122.17510986328125,
    "n_clusters": 3
}